,,
,LISTE DES GOLFS MEMBRES DE L'AGCA,
,AIX EN PROVENCE,www.golf-aixenprovence.fr
,CABRE D'OR,www.golflacabredor.fr
,DIGNE,www.ngf-golf.com/gardengolf-digne
,ECOLE DE L'AIR (SALON),www.golfecoledelair.fr
,ESTEREL,http://esterel.bluegreen.com
,FREGATE,www.dolcefregate-golf-provence.com
,GAP,www.gap-bayard.com
,GRANDE BASTIDE,www.opengolfclub.com/fr/golfs/fiche/3/Golf-de-la-Grande-Bastide/20
,LUBERON,www.golfduluberon.com
,ORANGE,www.golforange.fr
,SAINT MARTIN,www.golfclubsaintmartinois.com
,SAINTE MAXIME,sainte-maxime.bluegreen.com
,VALCROS,membres-asgv.over-blog.com
,VALGARDE,www.golf-valgarde.com
,VICTORIA...,http://www.victoria-golfclub.com/